Name,Latitude,Longitude,Pole #,Description,Open Pole Card
Pole 241,38.972484,-121.605103,110490953,"COMCAST PL SPLICE CASE, 6.6M
STRAND AND 48CT FOC HOA = 28'00"" (N)
COMCAST PL 6.6M STRAND, 48CT FOC
AND O'LASH (1) BUNDLE OF LINEAR TAIL
HOA = 28'00"" (S)
COMCAST PL 2"" RSR HOA = 27'06"" (NE)
QUAD
NOTE: COMCAST PL NEW VGR AND
BOND ALL COMMS",https://lagidpress-eng.github.io/MaRe-aggent/?pole=241
Pole 242,38.971991,-121.605104,110490952,"COMCAST PL 6.6M STRAND, 48CT FOC
AND O'LASH (1) BUNDLE OF LINEAR TAIL
HOA = 28'00"" (N)
COMCAST PL 6.6M STRAND, 48CT FOC
AND O'LASH (2) BUNDLE OF LINEAR TAIL
HOA = 28'00"" (S)
TREE TRIM~ 50' (N)
TREE TRIM~ 20' AT POLE",https://lagidpress-eng.github.io/MaRe-aggent/?pole=242
Pole 243,38.971551,-121.605112,110490951,"COMCAST PL 6.6M STRAND, 48CT FOC
AND O'LASH (2) BUNDLE OF LINEAR TAIL
HOA = 28'00"" (N)
COMCAST PL 6.6M STRAND, 48CT FOC
AND O'LASH (1) BUNDLE OF LINEAR TAIL
HOA = 28'00"" (S)
COMCAST PL 6.6M STRAND AND O'LASH
(1) BUNDLE OF LINEAR TAIL HOA = 27'08""
(E)
COMCAST PL INS 6M DG AND 1"" TE ANC;
GG; HOA = 27'08"" L = 16'00"" (W)",https://lagidpress-eng.github.io/MaRe-aggent/?pole=243
Pole 244,38.97155,-121.604565,121574076,"COMCAST PL 6.6M STRAND AND O'LASH
(1) BUNDLE OF LINEAR TAIL HOA = 23'06""
(E/W)",https://lagidpress-eng.github.io/MaRe-aggent/?pole=244
Pole 245,38.97155,-121.60383,121574077,"COMCAST PL 6.6M STRAND AND O'LASH
(1) BUNDLE OF LINEAR TAIL HOA = 19'00""
(W)
COMCAST PL INS 10M DG AND 1"" TE ANC;
GG; HOA = 19'00"" L = 09'00"" (E)",https://lagidpress-eng.github.io/MaRe-aggent/?pole=245
Pole 246,38.97094,-121.605116,110490882,"COMCAST PL 6.6M STRAND, 48CT FOC
AND O'LASH (1) BUNDLE OF LINEAR TAIL
HOA = 28'00"" (N/S)",https://lagidpress-eng.github.io/MaRe-aggent/?pole=246
Pole 247,38.970342,-121.605118,110490881,"COMCAST PL 6.6M STRAND, 48CT FOC
AND O'LASH (1) BUNDLE OF LINEAR TAIL
HOA = 28'00"" (N/S)",https://lagidpress-eng.github.io/MaRe-aggent/?pole=247
Pole 248,38.969734,-121.605122,110490880,"COMCAST PL 6.6M STRAND, 48CT FOC
AND O'LASH (1) BUNDLE OF LINEAR TAIL
HOA = 28'00"" (N/S)",https://lagidpress-eng.github.io/MaRe-aggent/?pole=248
Pole 249,38.969134,-121.605124,110490876,"COMCAST PL 6.6M STRAND, 48CT FOC
AND O'LASH (1) BUNDLE OF LINEAR TAIL
HOA = 28'00"" (N/SW)
COMCAST PL INS 10M DG AND 1"" TE ANC;
GG; HOA = 28'00"" L = 07'00"" (E)",https://lagidpress-eng.github.io/MaRe-aggent/?pole=249
Pole 250,38.968496,-121.605371,110490878,"COMCAST PL 6.6M STRAND, 48CT FOC
AND O'LASH (1) BUNDLE OF LINEAR TAIL
HOA = 28'00"" (NE/SW)",https://lagidpress-eng.github.io/MaRe-aggent/?pole=250
Pole 251,38.967861,-121.605653,110490877,"COMCAST PL 6.6M STRAND, 48CT FOC
AND O'LASH (1) BUNDLE OF LINEAR TAIL
HOA = 28'00"" (NE)
COMCAST PL 6.6M STRAND AND 48CT
FOC HOA = 28'00"" (SW)
TREE TRIM~ 20' (NE)
TREE TRIM~ 30' (SW)",https://lagidpress-eng.github.io/MaRe-aggent/?pole=251
Pole 252,38.967444,-121.605839,110490876,"COMCAST PL 6.6M STRAND AND 48CT
FOC HOA = 28'00"" (NE/SW)",https://lagidpress-eng.github.io/MaRe-aggent/?pole=252
Pole 253,38.966656,-121.606236,120962691,"COMCAST PL 6.6M STRAND AND 48CT
FOC HOA = 28'00"" (NE/SW)
COMCAST PL INS 10M DG AND 1"" TE ANC;
GG; HOA = 28'00"" L = 05'00"" (NW)
NOTE: COMCAST PL NEW VGR AND
BOND ALL COMMS",https://lagidpress-eng.github.io/MaRe-aggent/?pole=253
Pole 254,38.965868,-121.606486,121569252,"COMCAST PL 6.6M STRAND AND 48CT
FOC HOA = 26'00"" (NE/S)
COMCAST PL INS 10M DG AND 1"" TE ANC;
GG; HOA = 26'00"" L = 06'00"" (W)",https://lagidpress-eng.github.io/MaRe-aggent/?pole=254
Pole 255,38.965094,-121.606551,121569260,"COMCAST PL GA HOA = 25'10""
COMCAST PL 6.6M STRAND AND 48CT
FOC HOA = 25'06"" (N)
COMCAST PL 6.6M STRAND, 48CT FOC
AND O'LASH (1) BUNDLE OF LINEAR TAIL
HOA = 25'06"" (S)",https://lagidpress-eng.github.io/MaRe-aggent/?pole=255
Pole 256,38.964286,-121.606553,121569261,"COMCAST PL 6.6M STRAND, 48CT FOC
AND O'LASH (1) BUNDLE OF LINEAR TAIL
HOA = 26'00"" (N/S)",https://lagidpress-eng.github.io/MaRe-aggent/?pole=256
Pole 257,38.963509,-121.606547,121569210,"COMCAST PL 6.6M STRAND, 48CT FOC
AND O'LASH (1) BUNDLE OF LINEAR TAIL
HOA = 26'00"" (N)
COMCAST PL 6.6M STRAND, 48CT FOC
AND O'LASH (2) BUNDLE OF LINEAR TAIL
HOA = 26'00"" (S)",https://lagidpress-eng.github.io/MaRe-aggent/?pole=257
Pole 258,38.96296,-121.606535,121569209,"COMCAST PL 6.6M STRAND, 48CT FOC
AND O'LASH (2) BUNDLE OF LINEAR TAIL
HOA = 26'00"" (N)
COMCAST PL 6.6M STRAND, 48CT FOC
AND O'LASH (3) BUNDLE OF LINEAR TAIL
HOA = 26'00"" (S)
COMCAST PL 6.6M STRAND, 48CT FOC
AND O'LASH (1) BUNDLE OF LINEAR TAIL
HOA = 26'00"" SS (SE)",https://lagidpress-eng.github.io/MaRe-aggent/?pole=258
Pole 259,38.962886,-121.606203,121569213,"COMCAST PL 6.6M STRAND, 48CT FOC
AND O'LASH (1) BUNDLE OF LINEAR TAIL
HOA = 26'06"" SS (NW)
COMCAST PL 6.6M STRAND, 48CT FOC
AND O'LASH (1) BUNDLE OF LINEAR TAIL
HOA = 26'06"" (E)
COMCAST PL INS 6M DG AND 1"" TE ANC;
GG; HOA = 26'06"" L = 16'00"" (W)",https://lagidpress-eng.github.io/MaRe-aggent/?pole=259
Pole 260,38.962883,-121.605325,121569211,"COMCAST PL 6.6M STRAND, 48CT FOC
AND O'LASH (1) BUNDLE OF LINEAR TAIL
HOA = 25'00"" (E/W)",https://lagidpress-eng.github.io/MaRe-aggent/?pole=260
Pole 261,38.962888,-121.604478,121569207,"COMCAST PL 6.6M STRAND, 48CT FOC
AND O'LASH (1) BUNDLE OF LINEAR TAIL
HOA = 25'00"" (W)
COMCAST PL 6.6M STRAND AND 48CT
FOC HOA = 25'00"" (E)",https://lagidpress-eng.github.io/MaRe-aggent/?pole=261
Pole 262,38.962892,-121.603555,121569214,"COMCAST PL 6.6M STRAND AND 48CT
FOC HOA = 25'00"" (E/W)",https://lagidpress-eng.github.io/MaRe-aggent/?pole=262
Pole 263,38.962892,-121.602641,120972214,"COMCAST PL 6.6M STRAND AND 48CT
FOC HOA = 25'00"" (E/W)",https://lagidpress-eng.github.io/MaRe-aggent/?pole=263
Pole 264,38.962895,-121.601645,121569215,"COMCAST PL 6.6M STRAND AND 48CT
FOC HOA = 23'00"" (E/W)",https://lagidpress-eng.github.io/MaRe-aggent/?pole=264
Pole 265,38.962909,-121.600677,121569216,"COMCAST PL 6.6M STRAND AND 48CT
FOC HOA = 25'00"" (E/W)
NOTE: COMCAST PL NEW VGR AND
BOND ALL COMMS",https://lagidpress-eng.github.io/MaRe-aggent/?pole=265
Pole 266,38.962914,-121.599311,121569217,"COMCAST PL 6.6M STRAND AND 48CT
FOC HOA = 24'00"" (W)
COMCAST PL 6.6M STRAND, 48CT FOC
AND O'LASH (1) BUNDLE OF LINEAR TAIL
HOA = 24'00"" (E)",https://lagidpress-eng.github.io/MaRe-aggent/?pole=266
Pole 267,38.962927,-121.597926,121569218,"COMCAST PL 6.6M STRAND, 48CT FOC
AND O'LASH (1) BUNDLE OF LINEAR TAIL
HOA = 22'00"" (W)
COMCAST PL 6.6M STRAND, 48CT FOC
AND O'LASH (2) BUNDLE OF LINEAR TAIL
HOA = 22'00"" (E)",https://lagidpress-eng.github.io/MaRe-aggent/?pole=267
Pole 268,38.962716,-121.597855,,"DO NOT ATTACH - G0 95 VIOLATION -
BYPASS UNDERGROUND",https://lagidpress-eng.github.io/MaRe-aggent/?pole=268
Pole 269,38.962929,-121.596492,121574056,"COMCAST PL 6.6M STRAND, 48CT FOC
AND O'LASH (2) BUNDLE OF LINEAR TAIL
HOA = 25'00"" (E/W)",https://lagidpress-eng.github.io/MaRe-aggent/?pole=269
Pole 270,38.962948,-121.595127,121569221,"COMCAST PL 6.6M STRAND, 48CT FOC
AND O'LASH (2) BUNDLE OF LINEAR TAIL
HOA = 25'00"" (E/W)",https://lagidpress-eng.github.io/MaRe-aggent/?pole=270
Pole 271,38.962953,-121.594173,121569222,"COMCAST PL GA HOA = 20'04""
COMCAST PL 6.6M STRAND, 48CT FOC
AND O'LASH (2) BUNDLE OF LINEAR TAIL
HOA = 20'00"" (W)
COMCAST PL 6.6M STRAND, 48CT FOC
AND O'LASH (3) BUNDLE OF LINEAR TAIL
HOA = 20'00"" (E)
TREE TRIM~ 10' (E)",https://lagidpress-eng.github.io/MaRe-aggent/?pole=271
Pole 272,38.962957,-121.593456,120451636,"COMCAST PL GA HOA = 18'04""
COMCAST PL SPLICE CASE, 6.6M
STRAND AND O'LASH (4) BUNDLE OF
LINEAR TAIL HOA = 18'00"" (E)
COMCAST PL 6.6M STRAND, 48CT FOC
AND O'LASH (3) BUNDLE OF LINEAR TAIL
HOA = 18'00"" (W)",https://lagidpress-eng.github.io/MaRe-aggent/?pole=272
Pole 273,38.962957,-121.592737,121569223,"COMCAST PL 6.6M STRAND AND O'LASH
(4) BUNDLE OF LINEAR TAIL HOA = 22'00""
(W)
COMCAST PL 6.6M STRAND AND O'LASH
(3) BUNDLE OF LINEAR TAIL HOA = 22'00""
(E)
COMCAST PL 6.6M STRAND AND O'LASH
(1) BUNDLE OF LINEAR TAIL HOA = 22'00""
(S)
COMCAST PL INS 16M DG AND 1"" TE ANC;
GG; HOA = 22'00"" L = 06'00"" (N)",https://lagidpress-eng.github.io/MaRe-aggent/?pole=273
Pole 274,38.96248,-121.592683,120921669,"COMCAST PL 6.6M STRAND AND O'LASH
(1) BUNDLE OF LINEAR TAIL HOA = 21'00""
(N)
COMCAST PL INS 6M DG AND 1"" TE ANC;
GG; HOA = 21'00"" L = 14'00"" (S)",https://lagidpress-eng.github.io/MaRe-aggent/?pole=274
Pole 275,38.96296,-121.592137,121569224,"COMCAST PL 6.6M STRAND AND O'LASH
(3) BUNDLE OF LINEAR TAIL HOA = 23'00""
(W)
COMCAST PL 6.6M STRAND AND O'LASH
(1) BUNDLE OF LINEAR TAIL HOA = 23'00""
(E)
COMCAST PL 6.6M STRAND AND O'LASH
(1) BUNDLE OF LINEAR TAIL HOA = 22'08""
(N)
COMCAST PL 6.6M STRAND AND O'LASH
(1) BUNDLE OF LINEAR TAIL HOA = 22'08""
(S)",https://lagidpress-eng.github.io/MaRe-aggent/?pole=275
Pole 276,38.963543,-121.592138,121574059,"COMCAST PL 6.6M STRAND AND O'LASH
(1) BUNDLE OF LINEAR TAIL HOA = 23'00""
(S)
COMCAST PL INS 10M DG AND 1"" TE ANC
; GG; HOA = 23'00"" L = 08'00"" (N)",https://lagidpress-eng.github.io/MaRe-aggent/?pole=276
Pole 277,38.962207,-121.592242,121569225,"COMCAST PL 6.6M STRAND AND O'LASH
(1) BUNDLE OF LINEAR TAIL HOA = 23'00""
(N/S)
COMCAST PL INS 10M DG AND 1"" TE ANC;
GG; HOA = 23'00"" L = 04'00"" (NW)",https://lagidpress-eng.github.io/MaRe-aggent/?pole=277
Pole 278,38.961562,-121.592242,121574051,"COMCAST PL 6.6M STRAND AND O'LASH
(1) BUNDLE OF LINEAR TAIL HOA = 24'00""
(N/S)",https://lagidpress-eng.github.io/MaRe-aggent/?pole=278
Pole 279,38.960919,-121.592239,121574052,"COMCAST PL 6.6M STRAND AND O'LASH
(1) BUNDLE OF LINEAR TAIL HOA = 24'00""
(N/S)",https://lagidpress-eng.github.io/MaRe-aggent/?pole=279
Pole 280,38.960611,-121.592238,121568422,"COMCAST PL 6.6M STRAND AND O'LASH
(1) BUNDLE OF LINEAR TAIL HOA = 25'00""
(N/S)
NOTE: COMCAST PL NEW VGR AND
BOND ALL COMMS",https://lagidpress-eng.github.io/MaRe-aggent/?pole=280
